"id","full_name","age","salary","prev_salary"
"1","Darcy Logan","17","95846","153360"
"2","Laurie Meins","79","20370","218113"
"3","Jannelle MacKain","96","140325","149472"
"4","Jonas Callender","30","56160","149123"
"5","Melodie Laddle","53","78538","231224"
"6","Moria Scoyles","95","93624","48085"
"7","Tiffy Choak","93","175938","240764"
"8","Ewell Biskup","63","196191","92850"
"9","Krispin Blaschek","17","32127","104031"
"10","Merridie Collumbine","55","49192","242217"
"11","Orland Duckhouse","96","179898","188404"
"12","Rinaldo Missington","47","163626","122366"
"13","Keith Kohneke","98","187062","59310"
"14","Carroll Hughs","93","186812","103474"
"15","Teodoro McAviy","53","103784","151927"
"16","Arel Hurrell","68","123487","87062"
"17","Brent MacAnespie","61","168811","202030"
"18","Carleen Tolumello","76","141091","68320"
"19","Gennifer Wharf","45","22892","240620"
"20","Wang Ianilli","76","60776","129077"
"21","Pavia Winyard","73","191392","127410"
"22","Hollyanne Scorthorne","49","83932","124345"
"23","Clarie Eagar","81","168868","245559"
"24","Herc Wheatley","48","89057","149653"
"25","Raymund Vaughan","86","109611","59576"
"26","Terrance Manterfield","85","175692","132050"
"27","Glynda Checo","72","151689","31064"
"28","Malvina Joss","40","138844","106896"
"29","Tabby Dolby","48","116193","120253"
"30","Livvie Knudsen","56","178285","62360"
"31","Cello Oliveira","93","100871","79119"
"32","Kalie Wims","83","139465","241765"
"33","Laurent Smye","41","165360","174265"
"34","Celestina Landes","47","175177","200661"
"35","Milicent Drought","40","147303","34267"
"36","Ruben Hooban","74","90935","119993"
"37","Alida Musto","31","157639","65847"
"38","Ede Janikowski","64","30411","45613"
"39","Ashton Bridgland","53","64051","111137"
"40","Clayborn Sturr","64","123592","112337"
"41","Immanuel McCallum","17","125287","117970"
"42","Babette Pilcher","69","129847","87310"
"43","Gabbi Segar","19","100925","79908"
"44","Adamo Galier","50","47631","71752"
"45","Cirillo Vinter","44","46854","138509"
"46","Farra Calcott","55","88082","171482"
"47","Doloritas Oughton","10","176781","150239"
"48","Patrice Wolsey","40","86204","161631"
"49","Rosetta O'Currine","92","59680","34898"
"50","Hilarius Bentley","25","77649","40581"
"51","Sherline Emmatt","12","182690","57579"
"52","Rossy McGaugie","54","175714","182053"
"53","Bibby Lamming","40","134030","228037"
"54","Bridgette Surplice","28","60445","115340"
"55","Joceline Ughini","14","30213","82353"
"56","Lexis Rolinson","56","115024","84254"
"57","Gweneth Spadazzi","33","118324","46792"
"58","Demetra Cathery","59","152828","40547"
"59","Rina Murkin","38","79493","80922"
"60","Codi Jacobi","60","161095","90624"
"61","Marmaduke Bellchamber","77","197554","132167"
"62","Lynnell Twinberrow","75","153446","113721"
"63","Cullie Boggon","46","165065","190684"
"64","Lucina Gomez","57","83213","161367"
"65","Obediah Frapwell","85","85144","203833"
"66","Wilburt Redsell","12","139050","31562"
"67","Rachele Peoples","75","105215","111173"
"68","Dieter Weaver","19","82111","127127"
"69","Peg Sudron","83","125491","234521"
"70","Gwendolyn Lanney","6","149242","59300"
"71","Ethelin Franzen","88","128799","102897"
"72","Gabbie Delatour","78","32225","68941"
"73","Clarette Brayshaw","55","71704","221698"
"74","Gilburt Orred","24","167824","176824"
"75","Minor McShane","93","71314","47659"
"76","Melosa Nitti","52","83423","201439"
"77","Jarrett Foskew","17","113547","39139"
"78","Melvin Gresham","24","49077","50029"
"79","Gates Ollis","4","128580","64758"
"80","Hewett Grewes","78","125514","167984"
"81","Tonye Bridgewood","63","167840","61859"
"82","Antonius Webberley","55","128556","145210"
"83","Charmian Stening","24","154808","240327"
"84","Cornelia Colls","10","23134","61828"
"85","Alissa Couthard","82","105714","234311"
"86","Arther Stickels","80","63385","80309"
"87","Ruperta Malthouse","22","57793","66046"
"88","Sella Latehouse","27","197665","211277"
"89","Johannah Sighard","47","171195","166910"
"90","Octavius Corain","2","48962","35756"
"91","Cary Egan","18","199744","208414"
"92","Barnabe Silverlock","16","34711","49163"
"93","Victoria Luke","65","117125","206724"
"94","Nora Sterrick","84","86777","108826"
"95","Wake Mackin","8","81874","36573"
"96","Salomone Brayshay","24","140327","179403"
"97","Kellsie McElwee","59","104912","106600"
"98","Ingram Warbys","17","33096","100040"
"99","Glory O'Hara","7","119876","23840"
"100","Pacorro Boshers","7","193377","70392"
"101","Tammie Eringey","13","44687","138297"
"102","Anastassia Feirn","24","179164","94227"
"103","Arie Marfell","62","77079","117517"
"104","Sigfried Spacy","55","34699","20138"
"105","Cari Prestidge","18","86920","169709"
"106","Nigel Caslane","34","145285","50357"
"107","Hartwell Falla","48","21921","248911"
"108","Joycelin Heintz","25","86558","183723"
"109","Phyllida Tuck","23","92907","70609"
"110","Alice Geake","34","115560","246800"
"111","Fitz Belcham","3","191515","31197"
"112","Ethan Simpole","24","68915","184919"
"113","Luciano Swayne","10","116990","130553"
"114","Larisa Adamik","1","111300","232569"
"115","Paddy Jodrellec","92","180857","63586"
"116","Agathe Babst","29","56647","79066"
"117","Gilberto Featherstonhaugh","95","36102","97531"
"118","Cello Ausher","51","83643","21748"
"119","Katey Abbati","23","74936","162865"
"120","Ferdinande Allanson","16","88955","39867"
"121","Abbott Langlois","77","103843","207100"
"122","Gannie Milier","95","78098","55616"
"123","Terrijo Martusewicz","57","157978","84024"
"124","Emyle O'Scandall","5","62356","72730"
"125","Garnette Jickles","61","133716","56834"
"126","Brigg Aubray","81","169047","248407"
"127","Sonnie Nicklen","23","50068","181631"
"128","Powell Brunnstein","47","47216","31503"
"129","Skippie Gayden","92","36212","155240"
"130","Eliza Giacometti","34","59609","184123"
"131","Shannon Broster","68","100612","180650"
"132","Jemima Painter","69","150443","205203"
"133","Sylvester Laskey","75","64513","95254"
"134","Thane Boolsen","18","62070","245818"
"135","Cybill Winnister","70","154952","88902"
"136","Karlie Burry","38","130596","57839"
"137","Boigie Fellon","16","40230","123573"
"138","Karrah Combes","73","142313","173846"
"139","Marysa Campione","77","110526","65094"
"140","Dannie Hawtrey","16","56650","28831"
"141","Dudley Bowler","100","133449","199982"
"142","Romonda Melluish","62","30718","136496"
"143","Bunnie Nancekivell","21","182641","22614"
"144","Beauregard Littler","54","130933","161126"
"145","Allyn Rain","20","84712","84151"
"146","Yorgos Taverner","31","104667","32304"
"147","Gwendolen Physick","46","87464","202477"
"148","Kare Toping","75","61469","210426"
"149","Garnette Hebble","43","167596","31068"
"150","Shanie Canlin","78","59029","109292"
"151","Nikaniki Kull","56","103693","27069"
"152","Shane Mabe","90","29305","108012"
"153","Leanora O'Grada","13","38539","202938"
"154","Stacia MacEllen","99","156039","31139"
"155","Chauncey Barke","42","80837","200626"
"156","Jozef Agron","79","71709","21867"
"157","Darcee Blanning","90","89936","147911"
"158","Phedra Greenrod","19","94153","56226"
"159","Gabriel Burwell","41","131254","97223"
"160","Stearne Duffit","92","76722","205113"
"161","Ardella Kempster","90","185616","71385"
"162","Kellen McIllrick","71","146930","57617"
"163","Valerye Dinesen","58","183246","242856"
"164","Earle Thomsson","92","162831","137873"
"165","Anders Marquess","96","62993","30530"
"166","Illa Penchen","17","130136","139691"
"167","Bethina Grass","54","116788","107243"
"168","Mack O'Henery","21","172763","109392"
"169","Reggy Chason","79","94706","173640"
"170","Willey Newsham","19","182271","78476"
"171","Misti Slyme","97","32094","77560"
"172","Hannis Kendrick","56","154184","127374"
"173","Salvador Goudie","33","67561","168165"
"174","Frans Broek","46","166817","62566"
"175","Sterling Bertin","16","117134","84006"
"176","Genia Whalley","96","33766","58218"
"177","Juliane Haskayne","5","73867","66479"
"178","Myrvyn Willarton","16","178629","208323"
"179","Aida Pinnijar","26","190283","96824"
"180","Dehlia Braisby","42","166614","27927"
"181","Sari Portal","20","33874","203256"
"182","Maurita Pochet","44","168841","162715"
"183","Josefina Naisbit","93","142779","30159"
"184","Willow Bome","22","159793","207579"
"185","Zacherie Dilston","40","197239","98622"
"186","Ginelle Lambal","94","95062","221513"
"187","Ashia Guntrip","74","198110","178206"
"188","Alexine Kolczynski","44","187968","126396"
"189","Zia Adamovsky","39","24673","163547"
"190","Tanner Astbery","32","35448","142703"
"191","Gradeigh Depport","12","148232","24625"
"192","Rocky Huchot","30","125677","54354"
"193","Gerek Stanaway","89","101501","239531"
"194","Patin Whiscard","100","86571","204660"
"195","Nerti Stanworth","49","141791","61469"
"196","Merilyn Thowless","79","114716","208549"
"197","Guntar Skidmore","99","36403","91220"
"198","Anabel Iacovacci","48","115058","44246"
"199","Wilmar Swadlin","71","72917","168516"
"200","Angeline De Luna","7","164133","100909"
"201","Gareth O'Grogane","37","103778","212052"
"202","Haroun Fanning","92","188891","20045"
"203","Marylee Weinmann","84","162000","131581"
"204","Remus Cruess","20","99940","248089"
"205","Frederico Slayny","94","58884","64746"
"206","Marlo Backs","22","176140","151656"
"207","Sydelle Rosgen","13","26191","146231"
"208","Victoria Turban","38","145101","188718"
"209","Benoit Ipgrave","16","22402","188636"
"210","Arabel Ramelet","39","28127","152034"
"211","Jerrilyn Pinxton","14","90545","237737"
"212","Bertrando Kidgell","60","184557","101777"
"213","Ursala Bosher","17","156175","228105"
"214","Nerissa Gregon","2","140543","116356"
"215","Obie Deary","49","68550","49857"
"216","Charlton Woodyer","7","109478","198907"
"217","Willdon Twigger","1","48880","138338"
"218","Chancey Summerhayes","7","65857","196949"
"219","Jodie Bewley","35","140818","87895"
"220","Tabbatha Kellitt","5","152011","94547"
"221","Adore Ciardo","20","109000","50938"
"222","Stefanie Crawforth","18","71418","165877"
"223","Tedie Tipling","82","71998","128076"
"224","Rhetta Sellman","13","71551","135359"
"225","Armstrong Moverley","48","22574","206440"
"226","Sigismundo Passfield","28","41518","88533"
"227","Adlai Alessandrini","69","112295","191539"
"228","Corrinne Halden","88","146161","110965"
"229","Arturo Kemitt","55","95979","83385"
"230","Emily Yersin","82","183320","135437"
"231","Lanita Waberer","1","29327","56110"
"232","Shaun Mugford","45","132368","114886"
"233","Shaine Skally","83","32812","136078"
"234","Suzanna Gummery","47","154937","136123"
"235","Myrilla Vautre","45","118181","144357"
"236","Megen Malacrida","60","40024","177122"
"237","Caryl Ivanshintsev","56","195119","243928"
"238","Alejandro Toby","53","22723","54797"
"239","Catriona Fayers","75","73225","204213"
"240","Issy MacNeish","14","67269","105903"
"241","Isaac Curman","64","48745","227062"
"242","Cory Biddiss","42","180673","86447"
"243","Erminie Venditti","58","39022","166997"
"244","Maryjane Setch","76","99456","103647"
"245","Walden Collecott","77","46113","35454"
"246","Fredrika Sarjent","49","164044","75355"
"247","Alister Lampaert","69","54575","128073"
"248","Gustavo Abdee","100","40714","154258"
"249","Colly Kohrt","81","21245","249818"
"250","Cullie Dunbleton","80","97305","170407"
"251","Isadora Mundall","51","45008","84155"
"252","Halley Ainslie","84","152416","52512"
"253","Karil Pre","2","94149","234877"
"254","Donny Boyd","31","165262","163833"
"255","Der Nyssen","79","189280","203347"
"256","Moritz Piolli","15","43850","209088"
"257","Kiri Meeke","60","65568","36363"
"258","Torie Mahody","56","58445","73201"
"259","Joli Androli","71","117481","201006"
"260","Sharia Riediger","15","157489","184159"
"261","Marin Abrahamson","88","151615","118254"
"262","Mendel Snar","36","137217","97650"
"263","Cyrille Landy","49","88747","125188"
"264","Harriette Loudian","36","117613","129848"
"265","Dianne Lydster","40","138957","122454"
"266","Darnall Milmith","57","172640","28499"
"267","Karly De Bruin","13","62998","58460"
"268","Basilio Trasler","52","128978","30543"
"269","Kyrstin Shawl","72","49382","237180"
"270","Nichole MacCaughen","86","57878","199453"
"271","Carlotta Begbie","100","27130","69898"
"272","Vernor Bigrigg","71","162632","90807"
"273","Keri Parlott","43","39308","136918"
"274","Shalom Trevains","59","195637","59064"
"275","Miguel Laven","4","177938","244967"
"276","Maryanne Nower","78","149496","29115"
"277","Kimbra Gossling","46","168055","46364"
"278","Malvina Jankovsky","28","153557","40592"
"279","Megen Syrad","10","165504","147588"
"280","Grethel Giacomini","59","55024","134053"
"281","Corbet Le Breton De La Vieuville","96","78303","35046"
"282","Fiorenze Beavington","61","23895","46797"
"283","Brendon Scopes","56","141747","117417"
"284","Lucien Parkyns","86","113843","130847"
"285","Kippy Varley","87","101507","39480"
"286","Dyanne Katzmann","79","84719","56175"
"287","Gradey Kerswill","45","87087","130547"
"288","Lorain Winward","48","155515","167975"
"289","Francyne Stears","90","137507","42473"
"290","Walliw Pattison","58","113008","227804"
"291","Tarra Godlip","47","137135","184895"
"292","Lillis Coat","26","167894","226107"
"293","Cathi Gladstone","83","65005","84907"
"294","Koo Crocket","68","82856","216507"
"295","Jocko Loughead","18","158552","116866"
"296","Jaquith Coursor","46","91189","159877"
"297","Micheline Stoile","21","90795","53591"
"298","Opalina Argo","43","100309","20556"
"299","Alidia Bretton","49","51600","48152"
"300","Maryjo Mileham","32","36196","97556"
"301","Jeanette Tombleson","18","172251","79846"
"302","Artemas Lewer","31","188505","92006"
"303","Ellyn Linstead","62","35411","129137"
"304","Cammi Cuppleditch","75","50531","172405"
"305","Gerta Kharchinski","97","149632","160709"
"306","Norene Franciotti","38","81719","128887"
"307","Raddy Palmer","55","155660","214962"
"308","Ashlan Guthrie","73","124481","144377"
"309","Krystle Ganter","12","91983","70035"
"310","Bettina Beetles","21","83161","150569"
"311","Marigold Saiger","55","66584","76276"
"312","Rochella Lebbern","33","97015","136573"
"313","Roley Jurczak","51","20096","29263"
"314","Juanita Grolmann","86","92566","227262"
"315","Orlan Ealam","88","59026","51838"
"316","Brose Bednall","19","54152","64991"
"317","Emmye Ashelford","32","186669","25411"
"318","Mady Spear","50","186797","111083"
"319","Gleda Gulland","4","61714","57015"
"320","Devlin Jedrych","25","122000","240444"
"321","Edee Prazor","19","159654","21186"
"322","Bay Macer","87","34343","198893"
"323","Teresa MacLice","32","73354","213147"
"324","Mathilda Jinda","27","134829","31706"
"325","Danya Ludman","14","152780","115883"
"326","Gretel Feldklein","56","150338","217172"
"327","Enrico Eates","88","107509","89943"
"328","Robinette Roome","4","20625","226208"
"329","Rosana Freire","6","107201","22664"
"330","Ruttger O'Sculley","4","91649","229327"
"331","Ara Gingel","94","192451","76121"
"332","Matthaeus Joburn","53","125998","236495"
"333","Bobbi Buxey","93","89233","67883"
"334","Ashley Proske","43","102362","171647"
"335","Garrot Dallander","43","135393","86532"
"336","Brennen Causby","78","185049","64775"
"337","Dasi Pantlin","92","165133","181488"
"338","Darwin Walls","97","109245","29557"
"339","Casper Spiaggia","35","54177","170904"
"340","Seward Moakson","75","96452","38017"
"341","Selle Ellwand","31","83953","101397"
"342","Willetta Guerry","68","141978","106596"
"343","Gretel Hamberstone","46","195417","88054"
"344","Herve Apark","10","88406","189268"
"345","Aurilia McSaul","43","92652","152941"
"346","Forster Crummy","31","73371","93619"
"347","Juliette MacCague","36","32356","249336"
"348","Abbott Sinnocke","35","70224","236503"
"349","Mag Bantick","35","71154","54763"
"350","Levin Britnell","60","171362","65640"
"351","Calla Gilphillan","40","142349","96484"
"352","Fiann Buckingham","95","123850","56937"
"353","Nissie Michele","63","183364","24422"
"354","Liana Chern","49","100906","147364"
"355","Brigg Rillatt","95","91743","78355"
"356","Bibby Stewartson","24","197074","88255"
"357","Aldus Lyes","22","129919","135077"
"358","Shermy Rabbe","54","38477","164660"
"359","Melisenda Gaule","68","101703","22020"
"360","Bernarr Bischof","79","72748","231046"
"361","Claiborne De Benedetti","61","36511","156708"
"362","Merola Fair","21","82849","203209"
"363","Vyky Narrie","63","21475","234980"
"364","Brittani Pitcock","80","142582","149352"
"365","Bale Cutler","22","98312","57006"
"366","Cristin Stuther","63","134350","248324"
"367","Jedd Giannini","11","80012","126082"
"368","Royal Kibble","67","152567","150799"
"369","Dougie Ledford","21","198499","226944"
"370","Lauritz Hucquart","93","71881","174587"
"371","Ansell Mea","45","108119","21588"
"372","Sallyann Petran","82","85331","193561"
"373","Rustin Ouslem","72","55666","217468"
"374","Cecilia Timmens","4","172952","71763"
"375","Mufinella Rubenov","46","143424","31228"
"376","Eli Sandford","26","144285","121163"
"377","Devin Backler","41","137487","190492"
"378","Dean Billitteri","59","33933","247382"
"379","Hilly Ludron","29","96608","93969"
"380","Yasmeen Tonkinson","17","30959","145176"
"381","Sonnie Stoddard","70","36050","140976"
"382","Demeter Hamby","92","136083","176277"
"383","Wilmer Worman","4","113229","33068"
"384","Hardy Marzella","12","185977","127894"
"385","Lorenzo Abbey","96","92120","154101"
"386","Wilek MacGorley","93","156927","112000"
"387","Pat Prest","72","87889","144781"
"388","Koren Reely","16","33074","242401"
"389","Mervin Frisby","29","40460","121940"
"390","Brennen Schirak","54","126508","170410"
"391","Powell Doick","28","197022","45144"
"392","Orly Hampshire","11","45437","130390"
"393","Renaldo Mallalieu","23","24538","30224"
"394","Chevalier Mikalski","49","180825","178337"
"395","Gene Piatkowski","47","53259","243146"
"396","Wendi D'Oyley","81","158998","79245"
"397","Osbourne Reid","55","173611","182381"
"398","Coriss Gotts","82","126470","180545"
"399","Chariot McCaughan","3","189373","229710"
"400","Eleni Crosse","100","38908","110222"
"401","Bent Kenderdine","88","100879","23395"
"402","Adan Layburn","25","160852","55801"
"403","Briant Jaggli","14","54709","81503"
"404","Corena Climo","21","178142","198951"
"405","Theadora Campey","4","53572","240641"
"406","Maryrose Haisell","66","94995","128957"
"407","Giffer Matushevitz","32","187550","163620"
"408","Daisy Card","7","53688","67868"
"409","Gabriello Beckwith","19","66627","104376"
"410","Dorothea Bliss","38","30399","176694"
"411","Dav Hanwright","26","170255","29943"
"412","Mel Spear","83","97846","144920"
"413","Hunt Rowberry","43","55538","42400"
"414","Mannie Orkney","70","187123","158102"
"415","Breena Heffer","74","193928","144532"
"416","Sascha Pendock","81","37775","146743"
"417","Bernardina Anwyl","32","132638","100417"
"418","Gaston Coo","84","147193","82016"
"419","Hermine Kamena","74","20413","34315"
"420","Elyn Glowacki","53","29348","199768"
"421","Lonnard Buff","84","126021","195953"
"422","Jessa Bradforth","15","80118","249079"
"423","Eldredge Willstrop","87","174401","91810"
"424","Karlie Baudino","54","53200","148440"
"425","Idelle Grafton","9","101985","246243"
"426","Frieda Joder","62","102274","93768"
"427","Meier McInility","72","23407","112064"
"428","Denys Loddy","6","33479","21767"
"429","Jessie Reneke","29","158090","135626"
"430","Judd Debell","4","182533","204975"
"431","Clem Rehm","31","189883","190942"
"432","Addi Haggeth","20","26355","37214"
"433","Bernadine Emslie","88","35861","48398"
"434","Michele Ruppeli","69","112126","178721"
"435","Gregorio Oxbrow","36","153660","124500"
"436","Anabelle Messager","38","76592","86762"
"437","Kerrill Seagrove","1","134693","98335"
"438","Tamiko McLaine","94","21913","101967"
"439","Johnath Conahy","82","63870","79528"
"440","Mala Iacovuzzi","71","30008","73486"
"441","Theodoric Dacey","92","184829","74259"
"442","Andeee Underhill","53","34551","190743"
"443","Dennie Jiruch","81","115257","95634"
"444","Prudy Kisar","64","157258","130991"
"445","Sara Cuolahan","70","180311","159535"
"446","Derick Cronchey","59","49416","89818"
"447","Shanon Barrington","21","117651","92204"
"448","Ancell Poyner","18","119576","101953"
"449","Lee Norssister","89","152894","38374"
"450","Harlan Langer","80","157983","239687"
"451","Leopold Hinkensen","89","93771","170494"
"452","Nicole Shillaker","7","51846","137626"
"453","Thorstein Carnduff","50","85877","57302"
"454","Retha Rosbrough","74","24653","127612"
"455","Nicolais Platfoot","91","124880","206841"
"456","Garth Allom","81","125566","57102"
"457","Kelli Dutton","30","36310","26794"
"458","Lance Alexander","71","20156","96646"
"459","Allx McAllester","68","55754","43753"
"460","Barris Honnicott","27","167553","219755"
"461","Mady Bott","1","170630","26328"
"462","Bern Adamini","68","154980","103319"
"463","Raina Dugald","17","44147","35055"
"464","Maxie Stace","4","49439","127012"
"465","Margi Stonehewer","78","132065","108025"
"466","Aymer Stainton - Skinn","23","66413","106293"
"467","Freddie Dymocke","44","58894","44658"
"468","Alis Twittey","3","25014","137060"
"469","Ilario Geldeard","52","170625","185084"
"470","Mollee Nolin","14","21456","245462"
"471","Ellsworth Swainson","15","150640","113087"
"472","Vinni Darington","49","139424","26562"
"473","Bentlee Goodbarr","78","61217","61189"
"474","Pate Beckson","75","191566","186196"
"475","Harbert Fuzzens","71","198168","39831"
"476","Lil Altofts","53","151498","102532"
"477","Iona Boys","33","187675","215523"
"478","Edward Eytel","45","167966","143967"
"479","Obed Inman","19","134082","221991"
"480","Celestyn Lonnon","45","136344","116103"
"481","Rodge Starmer","49","57690","38252"
"482","Inez Fitkin","8","23028","41207"
"483","Sawyer Oxberry","80","23105","209424"
"484","Jessika Athow","33","148646","225852"
"485","Taffy Tremelling","47","24664","102318"
"486","Mariejeanne Swannell","44","185427","154469"
"487","Saundra Mantione","48","39666","168988"
"488","Cassi Nares","86","62891","224496"
"489","Olav Le Gassick","99","104509","157111"
"490","Mill Sharper","55","58518","228718"
"491","Constantia Jurges","78","164537","82835"
"492","Marcelle Callway","24","185019","95057"
"493","Hussein Hapke","78","52526","202233"
"494","Dareen Brugmann","17","173573","188373"
"495","Kiri Beaconsall","76","189890","101687"
"496","Langston Simonich","73","64023","162121"
"497","Fern Rubinsztein","2","157296","188806"
"498","Rufus Dryden","43","106951","74895"
"499","Lilith Brickner","61","90051","20017"
"500","Bria Jeanel","2","122882","98581"
"501","Jan Rowling","54","167354","172170"
"502","Nerty Mochan","9","132149","120578"
"503","Jehanna Almack","11","85816","226168"
"504","Gillian Jeanesson","10","67899","202205"
"505","Aloise Angrave","65","180140","88425"
"506","Gray McEnteggart","90","139904","21381"
"507","Stafford Simnett","37","31115","209710"
"508","Maryl Bees","44","60913","66355"
"509","Felix Wytchard","83","103171","229474"
"510","Franklin Cowell","94","131336","66059"
"511","Dinnie Haslam","43","36862","196136"
"512","Amye Gindghill","80","175192","52825"
"513","Jarred Gravell","47","178086","238366"
"514","Valene Parratt","44","188810","49887"
"515","Fianna Vertey","40","98453","20259"
"516","Alfons Viner","68","165148","248415"
"517","King Celes","76","120538","132134"
"518","Zach Bennitt","33","124872","76054"
"519","Barn Puttergill","98","125727","204292"
"520","Tommi Stadding","18","68983","71154"
"521","Wolfy Flahive","87","28190","183876"
"522","Kaleb Finlay","12","78797","88886"
"523","Boigie Weth","72","169388","114217"
"524","Cacilie Boost","45","182437","27538"
"525","Onfroi Skipping","48","47892","144245"
"526","Ronnie Lindfors","8","143763","225461"
"527","Ignazio Gabbitus","53","198881","76234"
"528","Linnell Gitting","22","63091","157570"
"529","Fayth Gange","29","117161","88578"
"530","Corly Whitley","47","167560","115911"
"531","Cece Witherop","88","127202","180386"
"532","Jehu Ponten","98","70899","52018"
"533","Chlo Masdon","100","40055","226442"
"534","Corri Sibley","94","118579","41682"
"535","Krispin Dyers","86","102377","191644"
"536","Crissy Lodevick","8","26350","231727"
"537","Eudora Points","43","38416","128269"
"538","Fran McCoid","83","162813","41204"
"539","Gilberte Toffolo","68","155333","205144"
"540","Morly Sheers","89","101205","85730"
"541","Merrili Biaggelli","83","23560","236487"
"542","Son Prosh","16","90675","41507"
"543","Saundra Mulcahy","43","129673","52849"
"544","Sandie Coggin","43","130800","98106"
"545","Gallagher Bryan","70","130238","243302"
"546","Dmitri Leicester","74","166829","58826"
"547","Sonny Garrit","90","113199","117909"
"548","Kenn Eickhoff","43","145445","124842"
"549","Rey Grasser","50","67178","27799"
"550","Eduino Rennebeck","52","111913","128184"
"551","Paola Astlett","10","43577","216263"
"552","Aldwin Penddreth","5","111607","137072"
"553","Odele Waddams","96","110822","40849"
"554","Lira Folcarelli","64","121225","43054"
"555","Alyson Rugieri","67","186443","228814"
"556","Jammie McTrustie","16","129611","107005"
"557","Miquela Reavey","83","120590","46607"
"558","Edouard Drabble","97","62041","84582"
"559","Gay Giacomelli","52","54280","108428"
"560","Emanuel Toffaloni","33","41696","200053"
"561","Marjory Agget","96","70126","50446"
"562","Marge Artrick","55","142504","55401"
"563","Margette Carlon","29","46390","224520"
"564","Betta Ingree","20","33564","205111"
"565","Osbourn Strowthers","100","23592","204857"
"566","Garrick Quiddington","10","126485","140411"
"567","Silvia Burgin","78","187369","164789"
"568","Kathe Gannon","43","106063","32892"
"569","Peri Oram","3","58498","105933"
"570","Ignace Munns","36","27593","129579"
"571","Meredeth Syfax","47","144738","122373"
"572","Gunner Condit","16","182118","89635"
"573","Kermy Kirdsch","88","55848","215182"
"574","Iggie Smead","80","151029","219812"
"575","Toinette Scouler","97","44487","53995"
"576","Fairleigh Grishagin","15","150441","182281"
"577","Lacey Mooreed","46","54248","147047"
"578","Marianna Grieg","40","176377","162733"
"579","Veronike Basek","57","166068","200853"
"580","Carolus Peterffy","39","23918","82053"
"581","Marcile Jardine","77","104453","138778"
"582","Lucio Charer","54","195731","33796"
"583","Eugenie Pattillo","63","55967","156021"
"584","Booth Hazelgrove","6","174031","83169"
"585","Illa Ainslie","15","136811","83978"
"586","Darrin Skinner","50","132662","151140"
"587","Hesther Hallowes","91","128443","160656"
"588","Stella Grinnell","79","70682","39624"
"589","Roxanna Deme","94","76447","151296"
"590","Nessy Gwilt","63","49330","53547"
"591","Erl Huelin","80","110775","200826"
"592","Virgie Anan","56","121082","67240"
"593","Brose Keese","50","156413","162935"
"594","Kevan Champain","14","132229","211125"
"595","Tillie Fowell","17","77856","29724"
"596","Roxie Dmych","77","189910","237222"
"597","Joceline Siggins","61","115605","80512"
"598","Alfredo Rembrant","56","162728","132162"
"599","Tracie Batting","10","178058","108016"
"600","Megen Haskell","54","36066","54886"
"601","Maddi Rustman","61","71160","232929"
"602","Herrick Pheasant","23","74184","238201"
"603","Anetta Prahl","46","56782","92049"
"604","Si Choulerton","54","110452","52477"
"605","Steffen Runacres","24","119916","166271"
"606","Mack Dullingham","35","145444","242914"
"607","Marrilee Chinery","50","182023","199045"
"608","Dinnie Newson","33","56817","116472"
"609","Letti Ranns","45","20102","62626"
"610","Zabrina Jarratt","57","37777","189464"
"611","Matilde Eede","47","107573","161052"
"612","Ludvig Pippard","86","147687","55816"
"613","Keir Duke","54","54756","233306"
"614","Alys Albon","29","87053","208636"
"615","Hildagard Kilminster","61","119981","140109"
"616","Gisela Hains","25","64480","73256"
"617","Stanley de Wilde","65","22320","152190"
"618","Jacintha Igglesden","10","30442","223671"
"619","Aggi Penwright","2","172874","231158"
"620","Conny Krimmer","26","34313","65195"
"621","Morty Bartalini","95","163309","119322"
"622","Chrysler Wickenden","55","68339","166160"
"623","Barnard Sansun","60","37943","150865"
"624","Sephira Crowest","45","149390","143112"
"625","Milena Master","46","186981","226502"
"626","Amandi McRae","65","138817","151883"
"627","Sayers Glendzer","1","152832","65313"
"628","Michelle Ewdale","80","61897","146593"
"629","Elnar Steed","50","88904","191133"
"630","Marthe Rau","85","59802","170391"
"631","Emily Awin","13","80940","225962"
"632","Junette Birmingham","22","166044","234713"
"633","Zane Gonning","81","157340","70307"
"634","Annadiana Vakhlov","95","173649","176684"
"635","Sari Valde","33","26168","156550"
"636","Suzie Labram","99","59924","119618"
"637","Orren Maynard","99","106871","210011"
"638","Gladys Rockcliff","56","34759","170411"
"639","Trisha Caughey","94","183740","66709"
"640","Ronni Zywicki","34","65242","41093"
"641","Ambrosius Berkelay","81","175693","77194"
"642","Marleen Dancy","63","165621","44552"
"643","Ivory Machent","4","106537","93628"
"644","Kelcie Buddles","87","141126","183682"
"645","Roselle Troak","56","195882","80788"
"646","Koressa Restorick","91","159770","68685"
"647","Jan Selvey","38","154497","228826"
"648","Tuesday Kingscote","21","98283","235024"
"649","Seward de Banke","36","53285","194147"
"650","Elden Frankcombe","41","188064","117287"
"651","Minni Spilisy","68","105289","186732"
"652","Dacey Wickersley","10","157761","249207"
"653","Leland Treadaway","47","187404","124764"
"654","Appolonia Ayer","78","174483","107252"
"655","Abelard Wauchope","91","46822","181455"
"656","Doralynn Fourmy","91","158629","177703"
"657","Ninon Fagan","62","127751","26138"
"658","Mavra Iacovucci","39","152662","89187"
"659","Sondra Newbold","45","176438","29815"
"660","Dell Damsell","58","25388","160069"
"661","Keeley Sumpter","52","142939","53669"
"662","Lucina Lithgow","68","181844","85566"
"663","Joanie Cornelisse","39","48091","117807"
"664","Fredelia Blackboro","90","131229","66370"
"665","Gonzalo Minihan","8","179937","207566"
"666","Huntlee Tunnow","80","62498","166192"
"667","Rollo Bennion","85","96681","112119"
"668","Thaddus Yashunin","66","87171","196061"
"669","Ema Rutledge","37","91170","207868"
"670","Wakefield Pasque","14","174355","23755"
"671","Stacee Showell","23","42836","126016"
"672","Sande Branney","100","62271","101008"
"673","Gus Finding","13","90579","135849"
"674","Rickie Tash","80","129764","23670"
"675","Evita Taudevin","68","174060","53289"
"676","Ab Greste","35","95709","120595"
"677","Dud Ateridge","27","184060","162657"
"678","Rudie Akeherst","60","180774","27463"
"679","Tammi Saggs","67","132225","86316"
"680","Ellissa Bolding","98","75567","24155"
"681","Carmon Stiddard","79","127474","28311"
"682","Humfrid Corss","70","172720","126078"
"683","Darice Cassells","88","156529","162443"
"684","Tallulah Swanger","55","76121","24920"
"685","Simeon Aslett","14","115520","194921"
"686","Evelin Roskeilly","10","178226","62775"
"687","Hendrika Wurz","80","106867","93479"
"688","Coreen Clout","71","65636","118313"
"689","Salvatore Cochrane","47","38813","220168"
"690","Kikelia Alfonzo","34","120618","224084"
"691","Enos Bruinemann","42","57177","220937"
"692","Georgianna Vamplers","81","27974","242618"
"693","Karil Simione","76","166643","101186"
"694","Jamaal Hurdiss","7","193066","80610"
"695","Maryanne Quarrie","46","97293","236078"
"696","Micki Stilldale","46","176047","85560"
"697","Leonie Renhard","73","99710","206553"
"698","Shermy Murfill","72","98105","228758"
"699","Vivianna Corran","95","177550","77276"
"700","Briggs Dobbson","37","111622","154197"
"701","Berne Ackrill","42","101204","158531"
"702","Lauryn Brockwell","21","194203","172677"
"703","Skye Laister","7","98201","34146"
"704","Palm Leaney","30","121068","225841"
"705","Jamie Yelyashev","47","165106","131205"
"706","Gwendolyn Sedgeworth","49","86478","162337"
"707","Royal Chapple","35","196844","75586"
"708","Cristobal Hartland","92","92067","224119"
"709","Margo Joul","33","182071","152387"
"710","Rickert Liger","98","127409","222436"
"711","Vilma Clancey","58","47845","200800"
"712","Corinna Balsom","4","166353","125710"
"713","Nicko Steinhammer","10","89951","234874"
"714","Lynnett Ruilton","41","130123","222191"
"715","Arte Bansal","26","191446","222164"
"716","Samantha Lettuce","79","29723","174915"
"717","Noni Piechnik","39","116417","167829"
"718","Cobby Borthram","12","122759","31722"
"719","Alex Diggle","30","177237","70603"
"720","Annemarie Muttock","99","159643","40092"
"721","Court Drydale","86","168601","149607"
"722","Elisa Ferber","44","39763","247129"
"723","Teddi Bathow","75","82661","57981"
"724","Ara Jewks","8","163642","20357"
"725","Adorne Darree","61","23490","190160"
"726","Jacob Muckleston","5","129033","66641"
"727","Antonino Huckel","23","63187","76246"
"728","Julian Farlamb","92","126661","178770"
"729","Abner Karslake","82","124862","82493"
"730","Carling Fardy","83","28012","79194"
"731","Ciel Notton","11","118357","134932"
"732","Freddi Begley","51","73706","120654"
"733","Filmer Attewell","86","27823","121956"
"734","Dilly Petrovic","52","105337","132787"
"735","Ewart Pigott","17","183129","25363"
"736","Ros Cottey","13","106290","128887"
"737","Serena Nisen","93","162727","205133"
"738","Evelyn Baggelley","10","86611","37419"
"739","Bamby Blaxeland","3","38801","92300"
"740","Artemus Zavattiero","6","68209","89647"
"741","Dolph Truran","79","182077","216524"
"742","Briana Hewins","32","163926","26853"
"743","Derick Patton","41","117689","242565"
"744","Vivie Hammill","41","109211","75494"
"745","Wrennie Birkett","86","107719","241856"
"746","Mariellen Toffanelli","84","78591","81456"
"747","Hiram Blackler","30","183445","125144"
"748","Hortense Ogborne","22","61212","63976"
"749","Fedora Rowth","49","121825","71031"
"750","Eilis Gulston","34","39183","176821"
"751","Candida Bitchener","57","22322","243287"
"752","Read Fache","56","78889","26652"
"753","Averyl Kerfut","14","59586","66375"
"754","Gris Dorward","93","74874","109174"
"755","Gawain Braam","84","154269","174324"
"756","Gerhardine Thunderchief","11","126104","213085"
"757","Gaylord Bette","31","185507","194560"
"758","Rosemary Wyldish","83","162481","241270"
"759","Ebba Barwise","85","188113","172774"
"760","Richardo Molohan","53","58654","239785"
"761","Field Vinck","15","182338","121470"
"762","Hedvig Cordsen","67","151693","187954"
"763","Britt Swinnard","24","54943","161628"
"764","Ashton Bellson","12","165223","27265"
"765","Tiffi Skowcraft","30","187980","88672"
"766","Latashia Lacrouts","68","124532","193941"
"767","Forbes Avramow","27","172934","138710"
"768","Clayborn Blitzer","65","136593","141839"
"769","Adrea Courtliff","20","197593","168463"
"770","Roxana Truman","32","188298","147485"
"771","Celeste Cloke","52","27003","187056"
"772","Berti Renac","30","179562","91563"
"773","Ashley Shrawley","88","160232","230505"
"774","Pearl Ransfield","90","20213","169757"
"775","Pinchas Josephson","80","45807","136712"
"776","Horatius Bagguley","31","90110","245784"
"777","Renault Beazey","75","33402","89438"
"778","Vincenty Kyme","95","77485","66645"
"779","Karin Cinelli","27","106540","166717"
"780","Rosemonde Raggatt","43","179632","32498"
"781","Sandra Thraves","47","125860","214596"
"782","Darryl Siggery","88","185560","60238"
"783","Willabella Abramcik","90","157626","234387"
"784","Krystal Cusworth","97","168145","82052"
"785","Annette Hamshar","4","73174","112401"
"786","Bernice Holstein","29","151019","34188"
"787","Andria Tomasino","57","122725","40612"
"788","Ernesto Rendall","82","45588","158535"
"789","Fin Rosenblum","19","193039","76531"
"790","Mayor Gullick","16","82787","38961"
"791","Isaiah O'Fairy","32","180853","77014"
"792","Ailsun Lightoller","14","117263","110023"
"793","Cecilia Devall","68","75630","130293"
"794","Prince Maisey","16","105022","81755"
"795","Vivienne Lawther","70","141153","25885"
"796","Berkly Saphir","91","168048","190305"
"797","Gardner Draco","66","126959","38034"
"798","Jayme Kloser","20","89689","180638"
"799","Celka Judkins","25","44956","216863"
"800","Nicola Hansard","61","139406","218693"
"801","Alford Filipczak","96","162454","187653"
"802","Pansy Aikenhead","42","155604","118011"
"803","Pia Knagges","38","52325","244462"
"804","Erick Swanston","39","151586","51721"
"805","Anna-diane Treby","21","41972","175349"
"806","Yard Jansie","46","56428","102441"
"807","Susi Collumbell","78","101609","201352"
"808","Ianthe Slyde","64","41566","110438"
"809","Claudetta Chaudret","2","97177","205438"
"810","Reine Dunderdale","19","79822","57304"
"811","Harlie Sampey","14","55200","99091"
"812","Lynette Brigden","8","191225","63837"
"813","Rafaelita Haggar","82","99142","225080"
"814","Justino D'Elia","13","172871","176365"
"815","Donavon Simonyi","91","178036","176935"
"816","Juieta Aizik","63","47121","195182"
"817","Ricoriki Elijahu","45","59366","136687"
"818","Bevon Lambie","96","74959","63259"
"819","Dominique Styan","91","142540","94656"
"820","Brett Dallicoat","60","96255","165805"
"821","Wyatt Ohrt","82","71687","156522"
"822","Tani Brimmacombe","68","30179","85137"
"823","Karissa Wiggin","32","62714","116441"
"824","Blanch Copland","71","195933","108698"
"825","Noella Manvell","78","170769","173352"
"826","Ody Zmitrovich","3","129246","200604"
"827","Pennie Wennington","90","94463","148415"
"828","Georgina Goodall","7","88266","118381"
"829","Lorilee Clemmensen","87","60621","91601"
"830","Clywd MacPaik","73","87097","53643"
"831","Vilma Oventon","91","31208","89977"
"832","Peta Woolrich","36","70891","143143"
"833","Jacquette Hatton","52","35133","56398"
"834","Grenville Bramsom","96","36720","93483"
"835","Kerby Norledge","45","75712","137743"
"836","Merola Posvner","64","198932","25289"
"837","Kaleena Vertey","4","65340","186499"
"838","Danny Sentinella","32","169746","95270"
"839","Trumaine Menaul","97","196598","146822"
"840","Burr Dibb","87","26874","94410"
"841","Paxton Haldin","52","181550","82926"
"842","Bianka Kid","73","140510","145020"
"843","Coretta Laybourne","97","126019","106537"
"844","Adolpho Caslane","39","176630","79345"
"845","Bronson Dassindale","57","54781","139945"
"846","Flinn Longega","49","111844","249363"
"847","Amos Gook","92","92723","162505"
"848","Nanete Bilham","53","142721","196352"
"849","Terrill Dungee","39","147685","226986"
"850","Reeva Starten","100","193206","131628"
"851","Bernardo Arne","41","138399","150093"
"852","Shirl Plank","72","185097","187501"
"853","Jodee Krale","53","188494","194105"
"854","Ikey Tuite","25","105684","95010"
"855","Desiree Cleminshaw","84","183098","186188"
"856","Udell Hazeley","29","61440","192829"
"857","Sissie Jako","99","156889","99090"
"858","Ringo Danev","60","169463","50101"
"859","Riordan Fencott","34","40298","41186"
"860","Buddie Ralfe","55","49916","140331"
"861","Wendell Jaksic","57","90908","105521"
"862","Kaitlin Hilhouse","25","118369","227524"
"863","Gardiner Saunderson","12","67610","224028"
"864","Galvin MacDunleavy","44","109322","207984"
"865","Vanya Davydkov","99","145074","186374"
"866","Case Blakeley","4","80724","44371"
"867","Faber Antonik","28","106293","156276"
"868","Zacharia Jarvie","19","36385","100274"
"869","Richart Brayshay","46","173844","158586"
"870","Constantine Lisciandro","95","156634","154527"
"871","Ilka MacDearmont","20","159597","237752"
"872","Perren Greville","75","45214","29174"
"873","Daryl Broseke","6","88244","40579"
"874","Minnnie Gee","65","169536","120493"
"875","Abraham Gerrels","67","119217","189017"
"876","Ali Cardno","93","149845","195816"
"877","Meredithe Camoys","58","40102","114976"
"878","Dahlia Brackstone","65","146620","103310"
"879","Laurens Stapells","99","141134","208897"
"880","Christie Farr","83","124604","115932"
"881","Troy Stubley","100","82787","170301"
"882","Janeta Wyllt","22","49515","55347"
"883","Paule Melvin","90","67102","96099"
"884","Welbie Burlingham","37","23278","157572"
"885","Tynan Bambrick","14","152447","137365"
"886","Agnese Mullan","11","107183","33070"
"887","Shandy Lawrance","41","168092","193632"
"888","Wilt Bartocci","33","158257","41793"
"889","Elsey Lochrie","65","178261","79434"
"890","Elysee Harley","88","48957","36935"
"891","Lisle Grece","23","148889","153944"
"892","Toni Troughton","95","25177","151072"
"893","Silas Bangley","84","77443","87842"
"894","Basil Drache","53","72024","216828"
"895","Gibby Rookes","31","177401","55962"
"896","Horton Uphill","15","82280","98744"
"897","Devin Rheubottom","19","182467","134262"
"898","Hyacinth Quartly","9","36423","36173"
"899","Bryant St Angel","18","58679","190371"
"900","Cosme Hounsom","42","78326","152266"
"901","Harriet Pykerman","5","37181","149282"
"902","Terrence Miskelly","78","121477","108592"
"903","Jocelin Eadon","84","108926","32907"
"904","Salim Bernette","21","134327","59486"
"905","Faustina Ornelas","5","54967","79535"
"906","Gilbertine Vickers","20","176446","32730"
"907","Elna Polson","1","131659","51058"
"908","Muffin Birchner","88","30685","75379"
"909","Sarine Baltzar","8","83847","246411"
"910","Haskel Housegoe","33","100446","213074"
"911","Dorris Dwire","60","51637","121554"
"912","Ross Robbs","17","106446","151041"
"913","Sadella Kinney","99","79084","103333"
"914","Winny Abrahamson","11","93426","69304"
"915","Lilas Swash","25","51973","160509"
"916","Tanney Haliburn","53","50330","84570"
"917","Franni Walmsley","68","53903","128277"
"918","Paten Lott","25","73627","246257"
"919","Regan Muscat","74","146078","138886"
"920","Jayme Suttle","85","157786","146498"
"921","Kaia Baudi","79","185377","80080"
"922","Wade Dockwra","34","75463","95334"
"923","Yolane Le - Count","66","118296","95420"
"924","Rene Cornwall","64","107112","210863"
"925","Andrea Cohan","88","137004","182455"
"926","Bernie Sherrocks","89","114138","141592"
"927","Phil Sapey","3","153636","241737"
"928","Christalle Iltchev","6","157725","226033"
"929","Gerry Brotherheed","79","128026","158478"
"930","Ulberto Thredder","36","124763","235370"
"931","Kristian Ivanyukov","45","155262","215937"
"932","Kathrine Carnilian","42","152670","200700"
"933","Lira Leal","53","33506","54840"
"934","Noellyn Fanstone","88","175305","225403"
"935","Katharine Philot","3","111816","187824"
"936","Fanchon Nott","84","87230","121281"
"937","Cathi Shaxby","58","90330","239836"
"938","Cole Frodsham","83","58760","241559"
"939","Dorotea Sommerly","14","136620","30841"
"940","Stephine Perrat","95","91753","172020"
"941","Modesta Grouse","33","60616","96754"
"942","Rosene Rembaud","19","199913","237560"
"943","Normand Maberley","64","148252","80087"
"944","Fergus Stanyard","32","141848","62157"
"945","Saunders Lathbury","39","55397","220923"
"946","Prudence Dakhno","39","57850","229986"
"947","Rubin Van T'Hoog","23","65420","65949"
"948","Samuele Meadmore","77","143215","236565"
"949","Cynthea Titterington","63","88360","187968"
"950","Dynah Tocqueville","24","22164","111096"
"951","Anya Lundbech","93","97214","103966"
"952","Fae Pidduck","6","66267","197619"
"953","Worthy Leppard","46","69216","160365"
"954","Drucy Seyler","72","187027","247908"
"955","Anastasie Gidley","23","83191","249560"
"956","Codie Cushion","56","174338","53895"
"957","Krishna Heaffey","65","157025","114065"
"958","Ricki Phlippi","40","165780","197917"
"959","Lilli Figgen","93","95250","136741"
"960","Darwin Godfree","75","137479","113933"
"961","Gardie Douch","74","111821","160614"
"962","Winnie Lidgerton","40","146427","201865"
"963","Serene Folke","76","189693","50161"
"964","Gloriane Malia","59","43398","183930"
"965","Averil Tabbitt","77","152835","220317"
"966","Case Brierly","82","141755","154437"
"967","Quillan Nunn","70","112607","194091"
"968","Opaline Rantoull","41","131673","83431"
"969","Anthony Jozwiak","60","85461","247681"
"970","Casar Eytel","28","33199","66224"
"971","Pennie Wortley","59","139432","156174"
"972","Jone Martinets","28","105631","61562"
"973","Tori Bischoff","26","88218","132119"
"974","Gabie Ohrt","81","125000","47873"
"975","Elisha Abbe","63","20791","133043"
"976","Bobette Etock","84","196954","126083"
"977","Jewel Barwack","41","103996","200076"
"978","Hagan Joney","45","96332","46167"
"979","Victoria Westnage","27","40132","124349"
"980","Katherina Beynke","75","187929","129825"
"981","Akim Wookey","53","64660","39446"
"982","Cody Penas","66","149721","121841"
"983","Christie McGrowther","23","141785","153343"
"984","Claudell Hanaby","67","74329","172211"
"985","Ellerey Styles","56","58668","162563"
"986","Ricard Rengger","85","127688","248655"
"987","Analise Piccop","20","67424","52813"
"988","Wendeline McTrustrie","95","128217","143110"
"989","Jarrad Pudsall","64","158396","246715"
"990","Tammie Iorizzi","58","30781","154659"
"991","Chery Fellibrand","96","186682","170530"
"992","Jamie Bertouloume","43","126890","81207"
"993","L;urette Woloschinski","80","25636","102848"
"994","Leicester Warret","35","170152","63752"
"995","Daloris Brezlaw","3","130424","103019"
"996","Larina Anthona","51","66020","229100"
"997","Dwight Bampforth","58","51263","38247"
"998","Riannon Chewter","33","90213","164055"
"999","Athene Weerdenburg","16","61439","38435"
"1000","Cordelie Macias","76","172844","28356"
